{
 "ours_30000": {
  "SSIM": {
   "00017.png": 0.9221359491348267,
   "00022.png": 0.9365167021751404,
   "00005.png": 0.9128936529159546,
   "00008.png": 0.9181500673294067,
   "00012.png": 0.9140056371688843,
   "00026.png": 0.9541246891021729,
   "00020.png": 0.9341782331466675,
   "00018.png": 0.9258308410644531,
   "00015.png": 0.9310741424560547,
   "00021.png": 0.9215534329414368,
   "00001.png": 0.9253514409065247,
   "00006.png": 0.9202390313148499,
   "00002.png": 0.9234178066253662,
   "00003.png": 0.8581641316413879,
   "00010.png": 0.9248079061508179,
   "00000.png": 0.8979809880256653,
   "00011.png": 0.9249353408813477,
   "00029.png": 0.862127423286438,
   "00025.png": 0.9529030323028564,
   "00027.png": 0.9359574317932129,
   "00024.png": 0.9385833144187927,
   "00007.png": 0.9403477311134338,
   "00009.png": 0.9190751314163208,
   "00013.png": 0.9382432699203491,
   "00016.png": 0.9463797211647034,
   "00028.png": 0.9291012287139893,
   "00014.png": 0.9039521217346191,
   "00019.png": 0.9336346983909607,
   "00004.png": 0.9514775276184082,
   "00023.png": 0.9500409960746765
  },
  "PSNR": {
   "00017.png": 29.749507904052734,
   "00022.png": 31.25462532043457,
   "00005.png": 29.534568786621094,
   "00008.png": 31.989215850830078,
   "00012.png": 27.425945281982422,
   "00026.png": 35.04741287231445,
   "00020.png": 32.239845275878906,
   "00018.png": 31.13547134399414,
   "00015.png": 31.18288803100586,
   "00021.png": 30.80753517150879,
   "00001.png": 30.87845230102539,
   "00006.png": 31.027931213378906,
   "00002.png": 30.124557495117188,
   "00003.png": 26.836524963378906,
   "00010.png": 30.463247299194336,
   "00000.png": 28.95519256591797,
   "00011.png": 30.366313934326172,
   "00029.png": 25.7064266204834,
   "00025.png": 34.67884826660156,
   "00027.png": 30.29327392578125,
   "00024.png": 32.99066925048828,
   "00007.png": 32.71919631958008,
   "00009.png": 29.195463180541992,
   "00013.png": 31.608980178833008,
   "00016.png": 31.02912139892578,
   "00028.png": 30.253379821777344,
   "00014.png": 27.650062561035156,
   "00019.png": 29.739377975463867,
   "00004.png": 33.637420654296875,
   "00023.png": 32.99284362792969
  },
  "LPIPS": {
   "00017.png": 0.18696966767311096,
   "00022.png": 0.145726278424263,
   "00005.png": 0.21961233019828796,
   "00008.png": 0.2536751627922058,
   "00012.png": 0.14387726783752441,
   "00026.png": 0.13078494369983673,
   "00020.png": 0.15199506282806396,
   "00018.png": 0.158741295337677,
   "00015.png": 0.17160463333129883,
   "00021.png": 0.19072231650352478,
   "00001.png": 0.1407264918088913,
   "00006.png": 0.16340404748916626,
   "00002.png": 0.14382608234882355,
   "00003.png": 0.23385512828826904,
   "00010.png": 0.14149388670921326,
   "00000.png": 0.2005307376384735,
   "00011.png": 0.24303817749023438,
   "00029.png": 0.24362868070602417,
   "00025.png": 0.12269739806652069,
   "00027.png": 0.1314394474029541,
   "00024.png": 0.16852954030036926,
   "00007.png": 0.11727789789438248,
   "00009.png": 0.13784480094909668,
   "00013.png": 0.12666764855384827,
   "00016.png": 0.11803016066551208,
   "00028.png": 0.15446503460407257,
   "00014.png": 0.20587080717086792,
   "00019.png": 0.14453567564487457,
   "00004.png": 0.15291844308376312,
   "00023.png": 0.1354176551103592
  }
 }
}