{
 "ours_30000": {
  "SSIM": 0.9249060153961182,
  "PSNR": 30.717144012451172,
  "LPIPS": 0.16599686443805695
 }
}